{
    "users": [
        {
            "login": "user1",
            "password": "12345"
        },
        {
            "login": "user2",
            "password": "qwerty"
        },
        {
            "login": "suhnea",
            "password": "2205"
        },
        {
            "login": "sh",
            "password": "555"
        },
        {
            "login": "\u041b\u043e\u0433\u0438\u043d",
            "password": "\u041f\u0430\u0440\u043e\u043b\u044c"
        },
        {
            "login": "12345",
            "password": "12345"
        }
    ]
}