{
    "user1": {
        "daily_goal": 4000,
        "current_volume": 7000,
        "reminder_interval": 30,
        "last_drink_time": "2025-03-31 10:16:46.473158"
    },
    "user2": {
        "daily_goal": 1500,
        "current_volume": 0,
        "reminder_interval": 30,
        "last_drink_time": null
    },
    "suhnea": {
        "daily_goal": 2000,
        "current_volume": 1750,
        "reminder_interval": 10,
        "last_drink_time": "2025-03-31 11:57:06.070040",
        "notifications_enabled": true
    },
    "sh": {
        "daily_goal": 2000,
        "current_volume": 0,
        "reminder_interval": 60
    },
    "\u041b\u043e\u0433\u0438\u043d": {
        "daily_goal": 2000,
        "current_volume": 500,
        "reminder_interval": 60,
        "last_drink_time": "2025-04-11 19:44:04.457386",
        "notifications_enabled": true
    },
    "12345": {
        "daily_goal": 2000,
        "current_volume": 1750,
        "reminder_interval": 60,
        "last_drink_time": "2025-06-06 02:04:02.747948",
        "notifications_enabled": true
    }
}