{
    "categories": {
        "123": {
            "\u0415\u0434\u0430": {
                "apple": "\u044f\u0431\u043b\u043e\u043a\u043e",
                "bread": "\u0445\u043b\u0435\u0431",
                "pineapple": "\u0430\u043d\u0430\u043d\u0430\u0441"
            },
            "\u0422\u0440\u0430\u043d\u0441\u043f\u043e\u0440\u0442": {
                "car": "\u043c\u0430\u0448\u0438\u043d\u0430",
                "bus": "\u0430\u0432\u0442\u043e\u0431\u0443\u0441",
                "airplane": "\u0430\u044d\u0440\u043e\u043f\u043b\u0430\u043d"
            },
            "\u0420\u0430\u0431\u043e\u0442\u0430": {
                "meeting": "\u0432\u0441\u0442\u0440\u0435\u0447\u0430",
                "office": "\u043e\u0444\u0438\u0441",
                "work": "\u0440\u0430\u0431\u043e\u0442\u0430"
            }
        }
    }
}