{
    "transactions": [
        {
            "id": 2,
            "type": "income",
            "amount": 500.0,
            "category": "Фриланс",
            "description": "1 задача со скидкой - оплата",
            "date": "2025-04-12 17:28:26"
        },
        {
            "id": 3,
            "type": "expense",
            "amount": 150.0,
            "category": "Еда",
            "description": "энергетик + пара булочек",
            "date": "2025-04-12 17:28:57"
        },
        {
            "id": 4,
            "type": "income",
            "amount": 800.0,
            "category": "Фриланс",
            "description": "долг + 1 задача - оплата",
            "date": "2025-04-13 11:17:55"
        },
        {
            "id": 5,
            "type": "expense",
            "amount": 230.0,
            "category": "Здоровье",
            "description": "обезболивающие",
            "date": "2025-04-13 11:18:38"
        },
        {
            "id": 6,
            "type": "expense",
            "amount": 350.0,
            "category": "Еда",
            "description": "странный рис в коробочке",
            "date": "2025-04-13 11:19:07"
        },
        {
            "id": 7,
            "type": "income",
            "amount": 2000.0,
            "category": "Подарки",
            "description": "от Матушки - на дорогу",
            "date": "2025-04-13 11:19:37"
        },
        {
            "id": 7,
            "type": "expense",
            "amount": 1900.0,
            "category": "Здоровье",
            "description": "ингалятор + физраствор",
            "date": "2025-04-19 22:48:37"
        },
        {
            "id": 8,
            "type": "income",
            "amount": 8100.0,
            "category": "Зарплата",
            "description": "общий баланс - месяц",
            "date": "2025-04-19 22:49:11"
        },
        {
            "id": 9,
            "type": "expense",
            "amount": 320.0,
            "category": "Развлечения",
            "description": "игры в стиме ;)",
            "date": "2025-04-19 22:49:37"
        },
        {
            "id": 10,
            "type": "income",
            "amount": 30000.0,
            "category": "Подарки",
            "description": "день рождения :)",
            "date": "2025-06-06 03:40:27"
        }
    ],
    "balance": 38450.0,
    "dark_mode": false
}