{
    "123": {
        "tasks": [
            {
                "id": 1,
                "title": "\u043f\u043e\u0441\u043f\u0430\u0442\u044c",
                "description": "",
                "priority": "\u0412\u044b\u0441\u043e\u043a\u0438\u0439",
                "due_date": "2025.06.06",
                "completed": true,
                "created_at": "2025-06-06 01:25:25.896659"
            },
            {
                "id": 2,
                "title": "\u0441\u0434\u0430\u0442\u044c \u0441\u0435\u0441\u0441\u0438\u044e",
                "description": "",
                "priority": "\u0412\u044b\u0441\u043e\u043a\u0438\u0439",
                "due_date": "2025.06.18",
                "completed": false,
                "created_at": "2025-06-06 01:25:46.491826"
            },
            {
                "id": 3,
                "title": "\u0434\u043e\u0434\u0435\u043b\u0430\u0442\u044c \u043d\u043e\u0432\u0435\u043b\u043b\u0443",
                "description": "",
                "priority": "\u0421\u0440\u0435\u0434\u043d\u0438\u0439",
                "due_date": "2025.08.30",
                "completed": false,
                "created_at": "2025-06-06 01:26:10.456156"
            }
        ],
        "reminder_interval": 60,
        "notifications_enabled": true
    }
}